{"accuracy": [0.5956109166145325, 0.7883741855621338, 0.8512088060379028, 0.8859727382659912, 0.9136378169059753, 0.9371653199195862, 0.9509572982788086, 0.9550543427467346, 0.9634917974472046, 0.9704689383506775, 0.9746471047401428, 0.9739980697631836, 0.9790686368942261, 0.9767969846725464, 0.9822326898574829, 0.9823138117790222, 0.9823138117790222, 0.9834496378898621, 0.9845448732376099, 0.9867353439331055], "loss": [1.3318217992782593, 0.6352676749229431, 0.4406126141548157, 0.3314562439918518, 0.25140735507011414, 0.1818358153104782, 0.14163267612457275, 0.13416746258735657, 0.10565174371004105, 0.08658692240715027, 0.07310675084590912, 0.07615260034799576, 0.06257069855928421, 0.07049184292554855, 0.05475460737943649, 0.05570035055279732, 0.05359196662902832, 0.05296376347541809, 0.047588035464286804, 0.04097727686166763], "precision": [0.8239478468894958, 0.8737806677818298, 0.8974922895431519, 0.916900634765625, 0.9321520328521729, 0.9485967755317688, 0.958679735660553, 0.9607827067375183, 0.9673846364021301, 0.9735628962516785, 0.976315438747406, 0.9757864475250244, 0.9805157780647278, 0.9789537787437439, 0.983214795589447, 0.9832568168640137, 0.9832168221473694, 0.9844359755516052, 0.9853347539901733, 0.987210214138031], "recall": [0.45107901096343994, 0.7231056094169617, 0.8115366101264954, 0.8611471652984619, 0.8983855247497559, 0.9282411336898804, 0.9449132084846497, 0.9500648975372314, 0.9601249098777771, 0.9679945111274719, 0.973186731338501, 0.9726594090461731, 0.9778111577033997, 0.9754989743232727, 0.981340229511261, 0.9814619421958923, 0.9814619421958923, 0.9826788902282715, 0.9838958382606506, 0.9862891435623169], "val_accuracy": [0.7514209747314453, 0.8463433384895325, 0.8679423928260803, 0.883289098739624, 0.8812050223350525, 0.9060249924659729, 0.8884047269821167, 0.9039409160614014, 0.8944675922393799, 0.9090564846992493, 0.8736263513565063, 0.9075407385826111, 0.8512694239616394, 0.889352023601532, 0.9198560118675232, 0.8993937373161316, 0.8944675922393799, 0.9073512554168701, 0.9094353914260864, 0.9071618318557739], "val_loss": [0.7615829706192017, 0.4677301347255707, 0.4062587022781372, 0.3696596026420593, 0.3876030743122101, 0.31701311469078064, 0.45145130157470703, 0.30772295594215393, 0.4201880693435669, 0.3792828917503357, 0.6396908760070801, 0.33732369542121887, 0.70658940076828, 0.45947501063346863, 0.34941402077674866, 0.4349709749221802, 0.5127419233322144, 0.42037302255630493, 0.41566330194473267, 0.49821895360946655], "val_precision": [0.8691518902778625, 0.8927675485610962, 0.8997169137001038, 0.8987862467765808, 0.8976162672042847, 0.9149633646011353, 0.8959493041038513, 0.9151690602302551, 0.8993095755577087, 0.9153581261634827, 0.8797323107719421, 0.9140669703483582, 0.8589251637458801, 0.8952909708023071, 0.9256356358528137, 0.9037984609603882, 0.9007663130760193, 0.9113996624946594, 0.9142147302627563, 0.9097830057144165], "val_recall": [0.6582038402557373, 0.8092080354690552, 0.8431224226951599, 0.8698370456695557, 0.8704054355621338, 0.8990147709846497, 0.8842364549636841, 0.8973096013069153, 0.8884047269821167, 0.9056460857391357, 0.871731698513031, 0.9048882126808167, 0.8478590250015259, 0.8861311078071594, 0.9173929691314697, 0.8971201181411743, 0.8908677697181702, 0.9043198227882385, 0.906593382358551, 0.9056460857391357]}