{"accuracy": [0.9890475273132324, 0.9896965622901917, 0.9916436672210693, 0.9922521710395813, 0.99213045835495, 0.9943209290504456, 0.9944426417350769, 0.994199275970459, 0.9946048855781555, 0.9951727986335754, 0.9942398071289062, 0.9957001209259033, 0.9961463809013367, 0.996227502822876, 0.9955784678459167, 0.9958218336105347, 0.9966331124305725, 0.9970793724060059, 0.9961057901382446, 0.9959840774536133], "loss": [0.04101403057575226, 0.03405499830842018, 0.030506400391459465, 0.028904864564538002, 0.0305287167429924, 0.02203941158950329, 0.020902808755636215, 0.02226070687174797, 0.02152974344789982, 0.017868980765342712, 0.02250666171312332, 0.015396674163639545, 0.014917789027094841, 0.015366710722446442, 0.016495659947395325, 0.016589399427175522, 0.01313028670847416, 0.011650160886347294, 0.01544088777154684, 0.01746649108827114], "precision_1": [0.9892067313194275, 0.9900965690612793, 0.9918029308319092, 0.9924933910369873, 0.992210328578949, 0.99448162317276, 0.9945228695869446, 0.9942792057991028, 0.994644820690155, 0.995212972164154, 0.9942395687103271, 0.9957809448242188, 0.9962268471717834, 0.9962677359580994, 0.9955781102180481, 0.9958620667457581, 0.9966331124305725, 0.997119665145874, 0.9961462020874023, 0.9961053133010864], "recall_1": [0.9889258742332458, 0.989534318447113, 0.9914408326148987, 0.9922115802764893, 0.9920493364334106, 0.994199275970459, 0.9943615198135376, 0.9940775632858276, 0.9945237636566162, 0.9951322674751282, 0.994199275970459, 0.9957001209259033, 0.9960651993751526, 0.9961869120597839, 0.9954973459243774, 0.9957813024520874, 0.9966331124305725, 0.9970387816429138, 0.9961057901382446, 0.9959840774536133], "val_accuracy": [0.941644549369812, 0.9247820973396301, 0.9179613590240479, 0.9162561297416687, 0.9374763369560242, 0.9450549483299255, 0.9441075921058655, 0.9444865584373474, 0.9509283900260925, 0.9465706944465637, 0.9346343278884888, 0.8946570754051208, 0.9503600001335144, 0.953391432762146, 0.9437286853790283, 0.9507389068603516, 0.9422129392623901, 0.9573702216148376, 0.9573702216148376, 0.9556650519371033], "val_loss": [0.3321975767612457, 0.5009828805923462, 0.663966715335846, 0.6406697034835815, 0.4234192669391632, 0.44462907314300537, 0.38012781739234924, 0.41184502840042114, 0.37340810894966125, 0.36699047684669495, 0.5183359980583191, 0.7528588175773621, 0.3254408538341522, 0.3452320694923401, 0.452047735452652, 0.400177001953125, 0.46869412064552307, 0.3421270251274109, 0.30769607424736023, 0.3296639621257782], "val_precision_1": [0.9432206749916077, 0.9267643094062805, 0.9205172061920166, 0.9177899956703186, 0.9389965534210205, 0.9459202885627747, 0.9451509118080139, 0.9451717138290405, 0.9518117904663086, 0.947817862033844, 0.9365742206573486, 0.8949564099311829, 0.9510622024536133, 0.9542954564094543, 0.9442337155342102, 0.9516220688819885, 0.9430956244468689, 0.9580883979797363, 0.957898736000061, 0.9565629959106445], "val_recall_1": [0.9410761594772339, 0.9230769276618958, 0.9172034859657288, 0.9158772230148315, 0.936150074005127, 0.9444865584373474, 0.9435392022132874, 0.9439181685447693, 0.9505494236946106, 0.9463812112808228, 0.9344448447227478, 0.8942781090736389, 0.9499810338020325, 0.953391432762146, 0.9431602954864502, 0.9503600001335144, 0.942023515701294, 0.9571807384490967, 0.9569912552833557, 0.9554755687713623]}