{"accuracy": [0.7154794931411743, 0.872789204120636, 0.9135972857475281, 0.9413840770721436, 0.9481177926063538, 0.9585834741592407, 0.9662501811981201, 0.9690086245536804, 0.9750121831893921, 0.9738357663154602, 0.9749715924263, 0.9758234620094299, 0.9795554280281067, 0.9784196019172668, 0.979920506477356, 0.9832062125205994, 0.9867353439331055, 0.9878305792808533, 0.9831656813621521, 0.985761821269989], "loss": [1.0485488176345825, 0.3881295323371887, 0.26162806153297424, 0.1736411601305008, 0.1531120091676712, 0.12830619513988495, 0.1051756963133812, 0.0929870679974556, 0.07828057557344437, 0.0825379341840744, 0.07918426394462585, 0.07441031187772751, 0.06775248795747757, 0.06975366920232773, 0.0633891224861145, 0.05428723245859146, 0.044045526534318924, 0.03661167621612549, 0.05787675827741623, 0.04301149398088455], "precision_1": [0.858485221862793, 0.9099380373954773, 0.9333164691925049, 0.9514514803886414, 0.9544800519943237, 0.9635521173477173, 0.9697279334068298, 0.9719378352165222, 0.97719407081604, 0.9759703278541565, 0.9769553542137146, 0.9782856702804565, 0.9806472659111023, 0.9794732332229614, 0.9814159870147705, 0.9844315052032471, 0.9874512553215027, 0.9883475303649902, 0.9839941263198853, 0.9862774610519409], "recall_1": [0.6152036190032959, 0.8397696018218994, 0.8964790105819702, 0.9333117008209229, 0.9415869116783142, 0.9533506631851196, 0.9628833532333374, 0.9666152596473694, 0.9733490347862244, 0.9720509648323059, 0.9733490347862244, 0.9740791916847229, 0.9784196019172668, 0.9774866104125977, 0.9789875149726868, 0.9823949337005615, 0.9863297343254089, 0.987465500831604, 0.9825571775436401, 0.985437273979187], "val_accuracy": [0.8188707828521729, 0.8757104873657227, 0.9033724665641785, 0.8666161298751831, 0.8969306349754333, 0.9145509600639343, 0.9026146531105042, 0.9147404432296753, 0.9166350960731506, 0.8804471492767334, 0.8794997930526733, 0.8995831608772278, 0.901098906993866, 0.8937097191810608, 0.9052671194076538, 0.9158772230148315, 0.9092459082603455, 0.9090564846992493, 0.9088670015335083, 0.9109511375427246], "val_loss": [0.5695720314979553, 0.3693997859954834, 0.3002772331237793, 0.5262582898139954, 0.4038960039615631, 0.297590434551239, 0.3771554231643677, 0.33526161313056946, 0.3409265875816345, 0.5070711374282837, 0.5056702494621277, 0.4398449957370758, 0.48302432894706726, 0.4999944865703583, 0.4156367778778076, 0.428202360868454, 0.4381203055381775, 0.5222102999687195, 0.5825397372245789, 0.5232720375061035], "val_precision_1": [0.8654205799102783, 0.9034000039100647, 0.9253849387168884, 0.8753377199172974, 0.9079992175102234, 0.9232544898986816, 0.9106799960136414, 0.92152339220047, 0.9221648573875427, 0.8884623050689697, 0.8879260420799255, 0.9073114395141602, 0.9053615927696228, 0.9018251895904541, 0.9126846790313721, 0.9202746748924255, 0.9148976802825928, 0.9136910438537598, 0.9125714302062988, 0.9142040014266968], "val_recall_1": [0.7895035743713379, 0.8558166027069092, 0.8882152438163757, 0.8594164252281189, 0.8882152438163757, 0.9094353914260864, 0.8982568979263306, 0.907730221748352, 0.913603663444519, 0.8768472671508789, 0.8736263513565063, 0.8957938551902771, 0.8990147709846497, 0.889352023601532, 0.901098906993866, 0.9141720533370972, 0.9064039587974548, 0.906593382358551, 0.907730221748352, 0.9084880352020264]}