{"accuracy": [0.6564579010009766, 0.8448401689529419, 0.8976553678512573, 0.9312428832054138, 0.9520931243896484, 0.9637352228164673, 0.9704283475875854, 0.973227322101593, 0.9792308807373047, 0.9819081425666809, 0.981705367565155, 0.9843826293945312, 0.9852344393730164, 0.9862485527992249, 0.9877089262008667, 0.9876683354377747, 0.9855995178222656, 0.9903455972671509, 0.9903455972671509, 0.9875872135162354], "loss": [1.11342191696167, 0.4707005023956299, 0.30273914337158203, 0.20163024961948395, 0.1394302397966385, 0.10478397458791733, 0.08686921000480652, 0.07729388773441315, 0.06438928842544556, 0.052116408944129944, 0.05750173702836037, 0.04915724694728851, 0.04672279208898544, 0.04206666350364685, 0.035654425621032715, 0.03499694913625717, 0.043262213468551636, 0.03157257288694382, 0.03084174543619156, 0.038344427943229675], "precision": [0.8479666709899902, 0.8950893878936768, 0.9231098294258118, 0.943749725818634, 0.9590544700622559, 0.9677907228469849, 0.9736358523368835, 0.9758721590042114, 0.980992317199707, 0.9828490018844604, 0.9828006625175476, 0.9853299856185913, 0.9861844778060913, 0.986961841583252, 0.9883055090904236, 0.9886257648468018, 0.9863113760948181, 0.9906253814697266, 0.9907835721969604, 0.9880261421203613], "recall": [0.5371166467666626, 0.8022472858428955, 0.8761155009269714, 0.9215073585510254, 0.9463329315185547, 0.9604494571685791, 0.9677510857582092, 0.9712802171707153, 0.9776894450187683, 0.9809751510620117, 0.9804884195327759, 0.9835712909698486, 0.9845042824745178, 0.9856806993484497, 0.9873032569885254, 0.9872221350669861, 0.9849910736083984, 0.9901833534240723, 0.9898993968963623, 0.9874249696731567], "val_accuracy": [0.7877984046936035, 0.8855627179145813, 0.8957938551902771, 0.8923834562301636, 0.9189086556434631, 0.9018567800521851, 0.9071618318557739, 0.9367184638977051, 0.9101932644844055, 0.929897665977478, 0.9052671194076538, 0.9064039587974548, 0.9164456129074097, 0.9173929691314697, 0.9319818019866943, 0.9147404432296753, 0.9276241064071655, 0.895225465297699, 0.9134141802787781, 0.9380447268486023], "val_loss": [0.6485727429389954, 0.3480449616909027, 0.3369812071323395, 0.3357268273830414, 0.26555031538009644, 0.34972742199897766, 0.34962791204452515, 0.2639663815498352, 0.35820698738098145, 0.3095042407512665, 0.43102186918258667, 0.3860813081264496, 0.4404735863208771, 0.3312378525733948, 0.3125786781311035, 0.4616159498691559, 0.3375251889228821, 0.5576907396316528, 0.47170430421829224, 0.32311397790908813], "val_precision": [0.8656163215637207, 0.9168353080749512, 0.9111372232437134, 0.9064985513687134, 0.9285163879394531, 0.9120815992355347, 0.9125525951385498, 0.9410080313682556, 0.914848804473877, 0.9330663681030273, 0.9090215563774109, 0.910219669342041, 0.9192688465118408, 0.9228565692901611, 0.9342606663703918, 0.9174119830131531, 0.9295774698257446, 0.8986087441444397, 0.9155732989311218, 0.9401368498802185], "val_recall": [0.7078438997268677, 0.8584691286087036, 0.8819628357887268, 0.8853732347488403, 0.9130352139472961, 0.8982568979263306, 0.9035619497299194, 0.9338764548301697, 0.9058355689048767, 0.9270557165145874, 0.9029935598373413, 0.9028040766716003, 0.9147404432296753, 0.9156877398490906, 0.9289503693580627, 0.9134141802787781, 0.9253504872322083, 0.8933308124542236, 0.9122774004936218, 0.9372868537902832]}